idfonc,nom,prenom,date
IDF1,nom1,prenom1,1991-02-10
IDF2,nom2,prenom2,1991-02-10
IDF3,nom3,prenom3,1991-02-24
IDF4,nom4,prenom4,1991-02-10
IDF5,nom5,prenom5,1991-02-7
IDF6,nom6,prenom6,1991-02-11
IDF7,nom7,prenom7,1991-02-25
IDF8,nom8,prenom8,1991-02-9
IDF9,nom9,prenom9,1991-02-19
IDF10,nom10,prenom10,1991-02-23
IDF11,nom11,prenom11,1991-02-9
IDF12,nom12,prenom12,1991-02-9
IDF13,nom13,prenom13,1991-02-20
IDF14,nom14,prenom14,1991-02-21
IDF15,nom15,prenom15,1991-02-20
IDF16,nom16,prenom16,1991-02-12
IDF17,nom17,prenom17,1991-02-13
IDF18,nom18,prenom18,1991-02-15
IDF19,nom19,prenom19,1991-02-12
IDF20,nom20,prenom20,1991-02-1
IDF21,nom21,prenom21,1991-02-16
IDF22,nom22,prenom22,1991-02-15
IDF23,nom23,prenom23,1991-02-2
IDF24,nom24,prenom24,1991-02-12
IDF25,nom25,prenom25,1991-02-3
IDF26,nom26,prenom26,1991-02-25
IDF27,nom27,prenom27,1991-02-26
IDF28,nom28,prenom28,1991-02-11
IDF29,nom29,prenom29,1991-02-18
IDF30,nom30,prenom30,1991-02-24
IDF31,nom31,prenom31,1991-02-13
IDF32,nom32,prenom32,1991-02-8
IDF33,nom33,prenom33,1991-02-2
IDF34,nom34,prenom34,1991-02-12
IDF35,nom35,prenom35,1991-02-3
IDF36,nom36,prenom36,1991-02-19
IDF37,nom37,prenom37,1991-02-12
IDF38,nom38,prenom38,1991-02-12
IDF39,nom39,prenom39,1991-02-5
IDF40,nom40,prenom40,1991-02-20
IDF41,nom41,prenom41,1991-02-14
IDF42,nom42,prenom42,1991-02-25
IDF43,nom43,prenom43,1991-02-26
IDF44,nom44,prenom44,1991-02-23
IDF45,nom45,prenom45,1991-02-13
IDF46,nom46,prenom46,1991-02-15
IDF47,nom47,prenom47,1991-02-5
IDF48,nom48,prenom48,1991-02-23
IDF49,nom49,prenom49,1991-02-14
IDF50,nom50,prenom50,1991-02-21
IDF51,nom51,prenom51,1991-02-26
IDF52,nom52,prenom52,1991-02-13
IDF53,nom53,prenom53,1991-02-7
IDF54,nom54,prenom54,1991-02-24
IDF55,nom55,prenom55,1991-02-9
IDF56,nom56,prenom56,1991-02-17
IDF57,nom57,prenom57,1991-02-12
IDF58,nom58,prenom58,1991-02-13
IDF59,nom59,prenom59,1991-02-23
IDF60,nom60,prenom60,1991-02-19
IDF61,nom61,prenom61,1991-02-28
IDF62,nom62,prenom62,1991-02-2
IDF63,nom63,prenom63,1991-02-4
IDF64,nom64,prenom64,1991-02-26
IDF65,nom65,prenom65,1991-02-26
IDF66,nom66,prenom66,1991-02-28
IDF67,nom67,prenom67,1991-02-14
IDF68,nom68,prenom68,1991-02-26
IDF69,nom69,prenom69,1991-02-2
IDF70,nom70,prenom70,1991-02-22
IDF71,nom71,prenom71,1991-02-3
IDF72,nom72,prenom72,1991-02-13
IDF73,nom73,prenom73,1991-02-9
IDF74,nom74,prenom74,1991-02-14
IDF75,nom75,prenom75,1991-02-25
IDF76,nom76,prenom76,1991-02-28
IDF77,nom77,prenom77,1991-02-7
IDF78,nom78,prenom78,1991-02-17
IDF79,nom79,prenom79,1991-02-21
IDF80,nom80,prenom80,1991-02-25
IDF81,nom81,prenom81,1991-02-15
IDF82,nom82,prenom82,1991-02-1
IDF83,nom83,prenom83,1991-02-22
IDF84,nom84,prenom84,1991-02-23
IDF85,nom85,prenom85,1991-02-27
IDF86,nom86,prenom86,1991-02-19
IDF87,nom87,prenom87,1991-02-2
IDF88,nom88,prenom88,1991-02-28
IDF89,nom89,prenom89,1991-02-1
IDF90,nom90,prenom90,1991-02-22
IDF91,nom91,prenom91,1991-02-21
IDF92,nom92,prenom92,1991-02-11
IDF93,nom93,prenom93,1991-02-10
IDF94,nom94,prenom94,1991-02-21
IDF95,nom95,prenom95,1991-02-6
IDF96,nom96,prenom96,1991-02-19
IDF97,nom97,prenom97,1991-02-16
IDF98,nom98,prenom98,1991-02-20
IDF99,nom99,prenom99,1991-02-19
IDF100,nom100,prenom100,1991-02-22